kinsler_sample_label,sample,assay,treatment,rep,time,total_raw_count,bias_prevalence,normalization_factor
O1,0.2MKCl-R1-T1,0.2MKCl-R1,0.2MKCl,1,1,2930331.0,-0.4297550512605924,4282.053370786517
O2,0.2MKCl-R1-T2,0.2MKCl-R1,0.2MKCl,1,2,2883775.0,-0.301224580915554,4145.155659841164
O3,0.2MKCl-R1-T3,0.2MKCl-R1,0.2MKCl,1,3,296368.0,1.894079201091622,404.41555654598903
O4,0.2MKCl-R1-T4,0.2MKCl-R1,0.2MKCl,1,4,720167.0,-1.1607791366504032,956.3286516853933
AA1,0.5%Raf-R1-T1,0.5%Raf-R1,0.5%Raf,1,1,2502245.0,0.20121245035889906,2174.372549019608
AA2,0.5%Raf-R1-T2,0.5%Raf-R1,0.5%Raf,1,2,5251704.0,-1.3085028418235511,2985.7579270642805
AA3,0.5%Raf-R1-T3,0.5%Raf-R1,0.5%Raf,1,3,424928.0,2.0107036570661703,160.7292100829725
AA4,0.5%Raf-R1-T4,0.5%Raf-R1,0.5%Raf,1,4,719696.0,-0.905141449588078,186.80392156862746
BB1,0.5%Raf-R2-T1,0.5%Raf-R2,0.5%Raf,2,1,2911053.0,-0.03065089214369335,2603.124645892351
BB2,0.5%Raf-R2-T2,0.5%Raf-R2,0.5%Raf,2,2,2661220.0,-0.6655459500372167,1444.3235476510463
BB3,0.5%Raf-R2-T3,0.5%Raf-R2,0.5%Raf,2,3,406893.0,1.4319616754640145,147.1890025195819
BB4,0.5%Raf-R2-T4,0.5%Raf-R2,0.5%Raf,2,4,551741.0,-0.730800503392476,142.96600566572238
P1,0.5MKCl-R1-T1,0.5MKCl-R1,0.5MKCl,1,1,4060418.0,-0.07649442552265077,7446.9807692307695
P2,0.5MKCl-R1-T2,0.5MKCl-R1,0.5MKCl,1,2,2173275.0,-1.0490035870310834,3883.1086898324165
P3,0.5MKCl-R1-T3,0.5MKCl-R1,0.5MKCl,1,3,355146.0,2.326754189105133,598.8447708567027
P4,0.5MKCl-R1-T4,0.5MKCl-R1,0.5MKCl,1,4,565008.0,-1.2007848252577769,862.8461538461538
G1,1.4%Gluc-R1-T1,1.4%Gluc-R1,1.4%Gluc,1,1,4194734.0,-0.7186983826067199,4317.116022099448
G2,1.4%Gluc-R1-T2,1.4%Gluc-R1,1.4%Gluc,1,2,2309670.0,-0.9439861180980317,1547.8361724856827
G3,1.4%Gluc-R1-T3,1.4%Gluc-R1,1.4%Gluc,1,3,425111.0,4.039933195581343,189.22148795245752
G4,1.4%Gluc-R1-T4,1.4%Gluc-R1,1.4%Gluc,1,4,1463723.0,-2.38011737880952,404.414364640884
H1,1.4%Gluc-R2-T1,1.4%Gluc-R2,1.4%Gluc,2,1,3729423.0,-0.40463385143584074,3538.2944444444443
H2,1.4%Gluc-R2-T2,1.4%Gluc-R2,1.4%Gluc,2,2,2039149.0,-0.7735983106007704,1308.497151735893
H3,1.4%Gluc-R2-T3,1.4%Gluc-R2,1.4%Gluc,2,3,275327.0,2.762038604085361,115.18079673809045
H4,1.4%Gluc-R2-T4,1.4%Gluc-R2,1.4%Gluc,2,4,757201.0,-1.5825659476245615,185.1861111111111
GG1,1.5%Suc1%Raf-R1-T1,1.5%Suc1%Raf-R1,1.5%Suc1%Raf,1,1,1570471.0,-1.3212166136091044,1660.0258064516129
GG2,1.5%Suc1%Raf-R1-T2,1.5%Suc1%Raf-R1,1.5%Suc1%Raf,1,2,383177.0,1.8982936211640884,351.9972307193635
GG3,1.5%Suc1%Raf-R1-T3,1.5%Suc1%Raf-R1,1.5%Suc1%Raf,1,3,313867.0,0.17555084175760968,263.9699749468551
GG4,1.5%Suc1%Raf-R1-T4,1.5%Suc1%Raf-R1,1.5%Suc1%Raf,1,4,480985.0,-0.7497191306769133,452.56774193548387
1.6%-R1-T1,1.6%Gluc-R1-T1,1.6%Gluc-R1,1.6%Gluc,1,1,144748.0,-0.09175683430427013,299.5970149253731
1.6%-R1-T2,1.6%Gluc-R1-T2,1.6%Gluc-R1,1.6%Gluc,1,2,186883.0,-0.22128477413317896,312.6879322431935
1.6%-R1-T3,1.6%Gluc-R1-T3,1.6%Gluc-R1,1.6%Gluc,1,3,239999.0,0.7175581352961138,313.54092031422124
1.6%-R1-T4,1.6%Gluc-R1-T4,1.6%Gluc-R1,1.6%Gluc,1,4,677668.0,-0.4047327952795833,590.3283582089553
1.6%-R2-T1,1.6%Gluc-R2-T1,1.6%Gluc-R2,1.6%Gluc,2,1,101689.0,0.23763365062423972,212.70454545454547
1.6%-R2-T2,1.6%Gluc-R2-T2,1.6%Gluc-R2,1.6%Gluc,2,2,254212.0,-0.17798620128374823,466.5204653581842
1.6%-R2-T3,1.6%Gluc-R2-T3,1.6%Gluc-R2,1.6%Gluc,2,3,250512.0,-0.35804317723936663,365.16793408744536
1.6%-R2-T4,1.6%Gluc-R2-T4,1.6%Gluc-R2,1.6%Gluc,2,4,318062.0,0.29781982007739505,337.4318181818182
I1,1.8%Gluc-R1-T1,1.8%Gluc-R1,1.8%Gluc,1,1,3944246.0,-0.9537130958129689,5028.840659340659
I2,1.8%Gluc-R1-T2,1.8%Gluc-R1,1.8%Gluc,1,2,2010910.0,0.13741328348502022,2019.5222834643841
I3,1.8%Gluc-R1-T3,1.8%Gluc-R1,1.8%Gluc,1,3,336244.0,2.5830382380443178,255.7076083644148
I4,1.8%Gluc-R1-T4,1.8%Gluc-R1,1.8%Gluc,1,4,681736.0,-1.7681554334944,362.22802197802196
J1,1.8%Gluc-R2-T1,1.8%Gluc-R2,1.8%Gluc,2,1,3090634.0,-0.8248746126250348,3737.9972222222223
J2,1.8%Gluc-R2-T2,1.8%Gluc-R2,1.8%Gluc,2,2,2188349.0,0.416753576493559,2059.133616358801
J3,1.8%Gluc-R2-T3,1.8%Gluc-R2,1.8%Gluc,2,3,384946.0,1.6430718715082973,278.92621206939424
J4,1.8%Gluc-R2-T4,1.8%Gluc-R2,1.8%Gluc,2,4,620947.0,-1.236077949375608,286.74444444444447
E1,Baffled-R1-T1,Baffled-R1,Baffled,1,1,6229520.0,-0.2939609878949569,7603.939726027397
E2,Baffled-R1-T2,Baffled-R1,Baffled,1,2,2166425.0,0.005650183596718823,1825.0595794321166
E3,Baffled-R1-T3,Baffled-R1,Baffled,1,3,928842.0,0.8640064337528789,527.474847002596
E4,Baffled-R1-T4,Baffled-R1,Baffled,1,4,7440597.0,-0.5813455827904285,2466.4438356164383
F1,Baffled-R2-T1,Baffled-R2,Baffled,2,1,5377148.0,-0.19431063791022524,6182.114130434783
F2,Baffled-R2-T2,Baffled-R2,Baffled,2,2,4003224.0,0.11893326679096047,3251.0052395003145
F3,Baffled-R2-T3,Baffled-R2,Baffled,2,3,9610137.0,0.34458853146226937,5001.110519742036
F4,Baffled-R2-T4,Baffled-R2,Baffled,2,4,9000954.0,-0.2720052400681963,2669.6684782608695
13-1-1,EC13-R1-T1,EC13-R1,EC13,1,1,1138999.0,-0.29384603709983703,1064.1460674157304
13-2-1,EC13-R1-T2,EC13-R1,EC13,1,2,2399880.0,0.4292098524197193,1326.3884621036586
13-3-1,EC13-R1-T3,EC13-R1,EC13,1,3,3950750.0,0.025589310442521183,968.9243800342964
13-4-1,EC13-R1-T4,EC13-R1,EC13,1,4,1473942.0,-0.16004696826941306,163.77153558052436
13-1-2,EC13-R2-T1,EC13-R2,EC13,2,1,1310835.0,-0.14339169257903656,1201.236
13-2-2,EC13-R2-T2,EC13-R2,EC13,2,2,1712743.0,0.158221395550327,949.6694113650974
13-3-2,EC13-R2-T3,EC13-R2,EC13,2,3,3287883.0,0.11738912376217436,769.6015195169249
13-4-2,EC13-R2-T4,EC13-R2,EC13,2,4,1655167.0,-0.12991123403658736,177.632
13-1-3,EC13-R3-T1,EC13-R3,EC13,3,1,1122575.0,0.416928510895516,1224.9329896907216
13-2-3,EC13-R3-T2,EC13-R3,EC13,3,2,366483.0,-0.9304586184121664,240.77258048772177
13-3-3,EC13-R3-T3,EC13-R3,EC13,3,3,2938992.0,0.6065179382049294,889.7327469779483
13-4-3,EC13-R3-T4,EC13-R3,EC13,3,4,1016186.0,-0.09356529935384393,159.8659793814433
18-2-1,EC18-R1-T1,EC18-R1,EC18,1,1,104195.0,-0.38395882521235725,69.1005291005291
18-3-1,EC18-R1-T2,EC18-R1,EC18,1,2,2365974.0,0.7667706893557706,964.0874158246039
18-4-1,EC18-R1-T3,EC18-R1,EC18,1,3,5334168.0,-0.38406429508276085,1297.037037037037
18-2-2,EC18-R2-T1,EC18-R2,EC18,2,1,265563.0,0.07395294623043895,197.30674846625766
18-3-2,EC18-R2-T2,EC18-R2,EC18,2,2,672289.0,-0.14860586071357287,297.6947734115227
18-4-2,EC18-R2-T3,EC18-R2,EC18,2,3,6473793.0,0.07386145681315502,1659.0981595092026
18-2-3,EC18-R3-T1,EC18-R3,EC18,3,1,1361173.0,0.42149275109575535,910.2407407407408
18-3-3,EC18-R3-T2,EC18-R3,EC18,3,2,2640350.0,-0.8441830979308246,1056.5398793833717
18-4-3,EC18-R3-T3,EC18-R3,EC18,3,3,3884866.0,0.4212466032335065,822.5555555555555
20-2-1,EC20-R1-T1,EC20-R1,EC20,1,1,1652478.0,0.47279770633309526,2420.491176470588
20-3-1,EC20-R1-T2,EC20-R1,EC20,1,2,1363545.0,-0.9416915616263547,1496.5165410576774
20-4-1,EC20-R1-T3,EC20-R1,EC20,1,3,866836.0,0.47127413928791834,617.385294117647
20-2-2,EC20-R2-T1,EC20-R2,EC20,2,1,1670307.0,0.20089530987904763,2413.958823529412
20-3-2,EC20-R2-T2,EC20-R2,EC20,2,2,1202018.0,-0.4016402005889018,1364.148951923143
20-4-2,EC20-R2-T3,EC20-R2,EC20,2,3,1386643.0,0.2008579056848103,1126.3441176470587
20-2-3,EC20-R3-T1,EC20-R3,EC20,3,1,1316096.0,0.9552860571606937,2056.708823529412
20-3-3,EC20-R3-T2,EC20-R3,EC20,3,2,1178662.0,-1.9098078910220198,1632.9062935989875
20-4-3,EC20-R3-T3,EC20-R3,EC20,3,3,1599878.0,0.9559720763994031,1741.8764705882354
21-1-1,EC21-R1-T1,EC21-R1,EC21,1,1,648164.0,-0.20131229168502168,877.6873065015479
21-2-1,EC21-R1-T2,EC21-R1,EC21,1,2,1538389.0,-3.126327935733403,1634.2194535705578
21-3-1,EC21-R1-T3,EC21-R1,EC21,1,3,1106350.0,6.851786338154692,793.4540549539496
21-4-1,EC21-R1-T4,EC21-R1,EC21,1,4,1758008.0,-3.527600879694267,839.3715170278638
21-1-2,EC21-R2-T1,EC21-R2,EC21,2,1,486568.0,-1.509114341779473,687.8612099644129
21-2-2,EC21-R2-T2,EC21-R2,EC21,2,2,485523.0,0.8606462941000824,538.7876316994036
21-3-2,EC21-R2-T3,EC21-R2,EC21,2,3,1224148.0,2.804131636282293,991.282677218694
21-4-2,EC21-R2-T4,EC21-R2,EC21,2,4,1721069.0,-2.1578168911668882,964.1565836298932
21-1-3,EC21-R3-T1,EC21-R3,EC21,3,1,1338544.0,0.4357942659521365,1811.1088235294117
21-2-3,EC21-R3-T2,EC21-R3,EC21,3,2,1410590.0,-0.5233213116782516,1552.9089210979466
21-3-3,EC21-R3-T3,EC21-R3,EC21,3,3,1875712.0,-0.2623762008686385,1649.1165914173373
21-4-3,EC21-R3-T4,EC21-R3,EC21,3,4,1647879.0,0.3496795598035088,1031.9823529411765
23-1-1,EC23-R1-T1,EC23-R1,EC23,1,1,1227998.0,-1.5464004435022116,1867.9824046920821
23-2-1,EC23-R1-T2,EC23-R1,EC23,1,2,1664821.0,-1.4557277064945182,1875.0398868840168
23-3-1,EC23-R1-T3,EC23-R1,EC23,1,3,1498190.0,7.537780710627323,1131.373354259806
23-4-1,EC23-R1-T4,EC23-R1,EC23,1,4,1940380.0,-4.539608647168869,927.7888563049853
23-1-2,EC23-R2-T1,EC23-R2,EC23,2,1,1477496.0,-0.15954679174373343,2239.254385964912
23-2-2,EC23-R2-T2,EC23-R2,EC23,2,2,1960979.0,0.42919350030239245,2412.6985359673113
23-3-2,EC23-R2-T3,EC23-R2,EC23,2,3,2166322.0,-0.38335145388596475,1908.3348515407868
23-4-2,EC23-R2-T4,EC23-R2,EC23,2,4,2421463.0,0.11189535315717983,1344.169590643275
23-1-3,EC23-R3-T1,EC23-R3,EC23,3,1,1229373.0,-0.8228856514654108,1912.1788856304986
23-2-3,EC23-R3-T2,EC23-R3,EC23,3,2,1839677.0,0.870368510740276,2382.1330582580354
23-3-3,EC23-R3-T3,EC23-R3,EC23,3,3,1491357.0,0.7263581227088433,1476.2906140332987
23-4-3,EC23-R3-T4,EC23-R3,EC23,3,4,1807631.0,-0.7750799010290369,1324.7888563049853
3-1-1,EC3-R1-T1,EC3-R1,EC3,1,1,1356341.0,1.0269166499204423,915.418918918919
3-2-1,EC3-R1-T2,EC3-R1,EC3,1,2,2121809.0,-1.5711610993306326,813.3210691490484
3-3-1,EC3-R1-T3,EC3-R1,EC3,1,3,1584438.0,0.057715640925223244,475.9470612339883
3-4-1,EC3-R1-T4,EC3-R1,EC3,1,4,3203355.0,0.4836647870591631,570.6216216216217
3-1-2,EC3-R2-T1,EC3-R2,EC3,2,1,1938771.0,1.0782317974570115,1121.4434782608696
3-2-2,EC3-R2-T2,EC3-R2,EC3,2,2,2551400.0,-0.8242921676675861,714.8420548802435
3-3-2,EC3-R2-T3,EC3-R2,EC3,2,3,3100700.0,-1.5847304627508056,572.8258392829476
3-4-2,EC3-R2-T4,EC3-R2,EC3,2,4,2832465.0,1.331426473058342,349.67826086956524
3-1-3,EC3-R3-T1,EC3-R3,EC3,3,1,1259539.0,0.8466767217212982,846.5454545454545
3-2-3,EC3-R3-T2,EC3-R3,EC3,3,2,2051769.0,-1.523384987959306,786.4288542870693
3-3-3,EC3-R3-T3,EC3-R3,EC3,3,3,2431569.0,0.5026918484835178,562.5082409641232
3-4-3,EC3-R3-T4,EC3-R3,EC3,3,4,3161827.0,0.17146687221548731,509.32323232323233
A1,M3-R1-T1,M3-R1,M3,1,1,4885816.0,0.31876544889889014,4852.4223433242505
A2,M3-R1-T2,M3-R1,M3,1,2,8910028.0,-0.7807316371970993,6280.188112228848
A3,M3-R1-T3,M3-R1,M3,1,3,1036411.0,0.6102864074771113,465.0834841458673
A4,M3-R1-T4,M3-R1,M3,1,4,5206525.0,-0.1451331566629988,1482.0
B1,M3-R2-T1,M3-R2,M3,2,1,1989639.0,0.5283642454664743,2071.831978319783
B2,M3-R2-T2,M3-R2,M3,2,2,18659452.0,-0.25151776797605596,13092.89944504553
B3,M3-R2-T3,M3-R2,M3,2,3,20362738.0,-1.1555855857036732,7842.03826698542
B4,M3-R2-T4,M3-R2,M3,2,4,47819795.0,0.8248814551731307,13341.81300813008
C1,M3-R3-T1,M3-R3,M3,3,1,6405822.0,0.09434675268706856,6320.333333333333
C2,M3-R3-T2,M3-R3,M3,3,2,14613357.0,0.03587476737557061,11408.680044944982
C3,M3-R3-T3,M3-R3,M3,3,3,2722693.0,-0.3633699895154496,1528.3816158150717
C4,M3-R3-T4,M3-R3,M3,3,4,21449234.0,0.22882003668657871,8043.067750677506
D1,M3-R4-T1,M3-R4,M3,4,1,3909839.0,-0.12664803977848918,4511.915300546448
D2,M3-R4-T2,M3-R4,M3,4,2,2877255.0,0.14733901666831217,2520.7368452025607
D3,M3-R4-T3,M3-R4,M3,4,3,4314103.0,0.08427236176914626,2528.6025951424026
D4,M3-R4-T4,M3-R4,M3,4,4,4964839.0,-0.10701300491656222,2062.5765027322404
